Marven,Bonds,Accounting Assistant II
Town,Copper,Engineer IV
Concordia,Barkhouse,Pharmacist
Darla,Glowacki,Design Engineer
Valry,Bodemeaid,Environmental Tech
Gerti,Ondrak,Mechanical Systems Engineer
Currey,Bramble,Help Desk Operator
Ottilie,Grundey,Social Worker
Harland,Loines,Programmer I
Norina,Rizzini,Health Coach III
Aluin,Rummins,Help Desk Technician
Vida,Coursor,Analyst Programmer
Bobbye,Sandwich,Social Worker
Ray,Tredwell,Operator
Eachelle,Fulloway,Pharmacist
Teddie,Edgeworth,Marketing Manager
Lynnell,Keighly,Legal Assistant
Buddie,Filipychev,Sales Associate
Peg,Pilley,Director of Sales
Odelle,Pickance,Research Nurse
Carr,Barnicott,Clinical Specialist
Woodman,McCaskill,Assistant Manager
Schuyler,Sparshett,Administrative Assistant II
Noelle,Seggie,Marketing Assistant
Rockwell,Niesegen,Professor
Sandy,Willey,Account Representative III
Gar,Hobell,Junior Executive
Wilden,Oneill,GIS Technical Architect
Calley,Ellson,Information Systems Manager
Quentin,Cords,Senior Developer
Alina,Fernley,Electrical Engineer
Chantalle,Allsop,Physical Therapy Assistant
Gregorius,Nason,Tax Accountant
Dael,McEniry,Compensation Analyst
Raquel,Van Hove,Structural Analysis Engineer
Meridel,d'Arcy,Financial Analyst
Tait,Longshaw,Food Chemist
Farleigh,Salery,Chief Design Engineer
Shellysheldon,Osgodby,Professor
Phyllys,Gierek,Statistician II
Caitrin,Milson,Quality Engineer
Dallis,Ackerman,Food Chemist
Clemente,Rowbrey,Operator
Darin,Goward,Staff Accountant III
Carley,Tarpey,Chemical Engineer
Madella,Clearie,Social Worker
Sashenka,Prendeguest,Librarian
Rosy,Smalls,Senior Editor
Verge,Lamberth,Structural Analysis Engineer
Marina,Augustus,General Manager
Ricky,Capell,Registered Nurse
Idaline,Dadson,Accounting Assistant I
Jarvis,Comi,Physical Therapy Assistant
Brande,Mitchel,Editor
Lesley,Nerheny,Structural Analysis Engineer
Niccolo,Leaves,Director of Sales
Tandy,Dumbreck,Nurse Practicioner
Sacha,Whitefoot,Teacher
Whittaker,Cordner,Director of Sales
Tobias,Rottger,VP Product Management
Kippie,Truett,Information Systems Manager
Carlie,Huikerby,Operator
Rayner,Eales,Design Engineer
Grantley,Bradbeer,Nurse Practicioner
Kimberley,Haynes,Senior Cost Accountant
Danielle,Pulman,Health Coach II
Sybil,Ludye,Staff Scientist
Peggie,Dancey,Data Coordiator
Roy,Harrowell,Desktop Support Technician
Isac,Shemwell,Civil Engineer
Ezechiel,Collinette,Marketing Assistant
Rafaelia,Boldecke,Assistant Manager
Eartha,Sheivels,Electrical Engineer
Anne,Work,Quality Engineer
Lauren,MacCartney,Project Manager
Faydra,Chern,Software Engineer I
Mohandas,Todman,Paralegal
Dena,Dark,VP Accounting
Lionel,Kintish,Senior Cost Accountant
Garreth,Lamacraft,Chief Design Engineer
Nap,Nudde,Marketing Assistant
Monah,Goggan,Human Resources Assistant I
Tobias,Strathearn,Accounting Assistant I
Bertram,Silcox,Research Nurse
Sheff,Laver,Nuclear Power Engineer
Erena,Duckworth,Budget/Accounting Analyst II
Alfie,Doyland,Senior Cost Accountant
Ira,Vispo,Senior Sales Associate
Carie,De Cruz,Geological Engineer
Adorne,Orrah,Financial Advisor
Lavinia,Plester,Mechanical Systems Engineer
Tawsha,Gobat,Recruiter
Kalvin,MacAllaster,Health Coach IV
Zora,Denmead,Product Engineer
Wait,Discombe,Data Coordiator
Lisle,Jarlmann,Accounting Assistant I
Cherin,Fauning,Paralegal
Arnold,Jeroch,Physical Therapy Assistant
Florrie,Fey,Operator
Brynne,Orro,Legal Assistant
Matty,Ebbs,Office Assistant III
Madeleine,Franzonello,Project Manager
Dasya,Bourges,Sales Associate
Ravi,MacCahee,Staff Scientist
Cece,Cheesman,Health Coach II
Adda,Beine,Pharmacist
Verla,Maultby,Associate Professor
Inglebert,Fellgate,Director of Sales
Ninette,Shayes,Human Resources Manager
Robbert,Romeo,Biostatistician IV
Tymon,McEachern,Environmental Tech
Town,Phizaclea,Director of Sales
Tony,Boscott,Business Systems Development Analyst
Kendra,Stanlike,Librarian
Stefano,Rizzolo,Speech Pathologist
Jon,Edmonds,Software Engineer II
Blair,Deppen,Engineer III
Tabbi,Baradel,Occupational Therapist
Cordi,Hovey,Chief Design Engineer
Giulietta,Tappor,Compensation Analyst
Hope,Mandry,Web Designer I
Lutero,Magowan,Associate Professor
Kiele,Scollick,Pharmacist
Tera,Furlonge,Quality Engineer
Cornie,Muscroft,Desktop Support Technician
Gael,Trayte,Accounting Assistant II
Margie,Seman,Geologist I
Rosabelle,Purchon,Information Systems Manager
Murray,Hessel,Recruiter
Jeremy,Oxtiby,Senior Developer
Nichols,Mayler,Database Administrator I
Kimmie,Dormon,Recruiter
Octavia,Scholling,Information Systems Manager
Rosene,Chedgey,Research Nurse
Rivalee,Purdom,Desktop Support Technician
Tedman,Fabler,Compensation Analyst
Jolene,Baynard,Nurse Practicioner
Albina,Goldbourn,Associate Professor
Kinny,Artz,Research Associate
Ynes,Fielders,Financial Advisor
Ethe,Milberry,Occupational Therapist
Winnah,MacIntosh,Web Designer II
Sashenka,Taillard,Payment Adjustment Coordinator
Vinni,Claw,Database Administrator I
Darius,Joicey,Web Designer I
Garald,Bonhan,Environmental Tech
Kissiah,Bawcock,Financial Analyst
Alfred,Wannes,Health Coach I
Keely,Noblet,Assistant Professor
Lil,Bambridge,Marketing Assistant
Zacharia,Leitch,Recruiting Manager
Lindsey,Foulcher,VP Product Management
Opalina,Berryann,Research Nurse
Creigh,Osborn,Analyst Programmer
Millisent,Van Leeuwen,Quality Control Specialist
Hilario,Stanman,Financial Analyst
Vinny,Cody,Senior Financial Analyst
Quintina,Brevetor,Financial Analyst
Benedicto,Droghan,Operator
Brett,German,VP Accounting
Bron,Whight,Speech Pathologist
Andeee,Joost,Design Engineer
Brendis,Antosch,Analyst Programmer
Edmon,Rawlcliffe,Staff Accountant II
Cristal,Grainger,Account Representative III
Karia,Cruz,Senior Cost Accountant
Tedda,Swateridge,VP Product Management
Kristin,Hammand,Research Associate
Gordie,McAw,Cost Accountant
Nonna,Keysel,Nurse Practicioner
Jabez,Giacobillo,Executive Secretary
Beverly,O'Geneay,Occupational Therapist
Kip,Doblin,Teacher
Jaquith,Lounds,Cost Accountant
Arvy,Woolens,Research Nurse
Marissa,Deniset,Physical Therapy Assistant
Sigvard,Casone,Analog Circuit Design manager
Rurik,Danniell,Junior Executive
Crissie,McAree,Chemical Engineer
Robby,Heymann,Graphic Designer
Dory,Chesswas,Paralegal
Nadya,Rubinfajn,Structural Analysis Engineer
Bradney,Beneyto,Recruiter
Rakel,Enderwick,Senior Developer
Coralie,Schleswig-Holstein,Sales Representative
Ophelia,Trenfield,Project Manager
Parnell,Lovie,Developer IV
Abbie,Stanborough,Senior Developer
Jessie,Hebbs,Occupational Therapist
Lorrayne,Jaray,Data Coordiator
Sacha,Zucker,Environmental Specialist
Mayne,Christol,Chief Design Engineer
Benoite,Whelband,Staff Accountant IV
Allissa,Meace,Compensation Analyst
Rebeka,Pochin,Marketing Manager
Darcey,Fiddian,Web Designer III
Kelvin,Scorah,Nurse Practicioner
Rozanne,Minichi,Environmental Specialist
Brandy,Unwin,Structural Analysis Engineer
Hyacinth,Draijer,Payment Adjustment Coordinator
Agnesse,MacCaughan,Quality Engineer
Gerhardt,Warrell,Senior Developer
Marillin,Ripper,Senior Quality Engineer
Lawton,Boldison,Payment Adjustment Coordinator
Merell,Samsworth,Information Systems Manager
Raynard,Westfield,Civil Engineer
Ronnie,Krates,Statistician I
Isaac,Eseler,Research Assistant I
Wright,Cordon,Civil Engineer
Hewie,Edgley,Senior Sales Associate
Agnesse,Prudence,Graphic Designer
Tedra,Vowden,Structural Engineer
Massimiliano,Clinch,Editor
Eolanda,Ilson,Executive Secretary
Lulu,Salatino,Operator
Elia,Pennells,VP Sales
Marje,Mangenet,Help Desk Operator
Emelyne,Antognetti,VP Marketing
Clement,Sreenan,VP Quality Control
Thibaud,Annand,VP Product Management
Catlaina,MacAvaddy,Tax Accountant
Shalna,Larvent,Research Associate
Dorian,Gauche,Help Desk Operator
Ekaterina,Muddicliffe,Physical Therapy Assistant
Yankee,Conant,Geological Engineer
Erda,Biasioli,Actuary
Reggis,Isacsson,Desktop Support Technician
Sauncho,Farncomb,Database Administrator II
Sela,Dowry,Marketing Assistant
Corny,Di Biaggi,Professor
Fonzie,Speedy,Senior Editor
Benedict,Dybell,Director of Sales
Enrichetta,Palfrey,Senior Cost Accountant
Kaile,Addeycott,Junior Executive
Rodrique,Cossins,Junior Executive
Giacomo,Pimblett,Information Systems Manager
Daryle,McDaid,Physical Therapy Assistant
Sergio,Perett,Software Consultant
Geoff,Jiruca,Software Test Engineer III
Connor,Phizackarley,Engineer I
Ford,Fine,Chief Design Engineer
Laverne,Benne,Software Consultant
Sander,Espinoza,Associate Professor
Darryl,Bagg,Database Administrator II
Brigham,House,Software Test Engineer I
Tessie,Blemen,Product Engineer
Derrik,Kleiser,Sales Associate
Sibby,Landsberg,Cost Accountant
Ellary,Steynor,Teacher
Miranda,MacScherie,Help Desk Technician
Veronique,Corbould,Food Chemist
Miof mela,Zucker,Registered Nurse
Tessie,Bradock,Systems Administrator IV
Cloe,Dessaur,Chief Design Engineer
Doralynne,Jagger,Research Assistant I
Valencia,Westby,Pharmacist
Odo,Haverty,Librarian
Sly,Colvie,Help Desk Operator
Fayth,Loffel,Web Developer II
Henry,Callar,Nurse Practicioner
Meghan,Ruselin,Electrical Engineer
Sibelle,Cerie,Human Resources Manager
Stanislaw,Bridgett,Nuclear Power Engineer
Augustine,Beste,Help Desk Operator
Debbi,Nutter,Assistant Manager
Madelin,Perfitt,Compensation Analyst
Grazia,Clemetts,Design Engineer
Morly,Markwell,Safety Technician I
Lothario,Gauche,VP Sales
Brana,Tremmil,Budget/Accounting Analyst III
Germain,Angelo,Structural Analysis Engineer
Britney,Capun,Nurse Practicioner
Giacinta,Earp,Environmental Tech
Nicol,Stanyland,Quality Control Specialist
Hermione,Salvati,Environmental Tech
Eula,Hallbord,Senior Financial Analyst
Ivonne,Cloney,Programmer Analyst I
Roxanna,Sinson,Developer IV
Carilyn,Drake,Web Designer I
Dulcinea,Barley,Statistician III
Ramon,Bainbrigge,Safety Technician IV
Michelina,Skeleton,Environmental Specialist
Tadeo,Colclough,Design Engineer
Minda,Heck,Safety Technician III
Arline,Gaddas,Health Coach IV
Abram,Mugglestone,Project Manager
Florina,Brittain,Structural Analysis Engineer
Constancy,Lappine,Help Desk Operator
Jeremie,Guillot,Engineer I
Ida,Guswell,Research Assistant I
Burnard,Houchen,Actuary
Boonie,Clayfield,Nuclear Power Engineer
Kanya,Kruszelnicki,Tax Accountant
Keely,Serginson,Product Engineer
Larissa,Farnhill,VP Sales
Courtnay,Howley,Information Systems Manager
Andra,Kirsz,Senior Cost Accountant
Mycah,Pescud,Help Desk Technician
Celestia,Coskerry,Clinical Specialist
Westbrook,Darwen,Statistician II
Gabriel,Peeke-Vout,Nurse
Jacquelynn,Manders,Librarian
Sigfried,Molineaux,Occupational Therapist
Traci,Librey,Teacher
Foss,Naisey,Chief Design Engineer
Delmore,Souza,Help Desk Operator
Nappie,Jansa,GIS Technical Architect
Sarge,Motten,Structural Engineer
Kai,Onslow,Geologist III
Tandi,Waleworke,Assistant Manager
Jaquenetta,Verlander,Research Associate
Gilligan,Harmes,Nurse
Nobie,Carnduff,Account Executive
See,Mowsley,Systems Administrator IV
Delinda,Ridout,Accountant I
Hamilton,Nutkin,Business Systems Development Analyst
Jeffrey,Eamer,Senior Cost Accountant
Merrel,Cumberledge,Health Coach IV
Olenolin,Orwell,Analyst Programmer
Jacinthe,Kingsford,Research Associate
Peggy,Emmot,Electrical Engineer
Genevra,Denisevich,Payment Adjustment Coordinator
Megen,Yanukhin,Professor
Devinne,Seville,Occupational Therapist
Sidonia,Moxstead,Payment Adjustment Coordinator
Shawnee,Belli,Analog Circuit Design manager
Eldin,Dearn,Account Executive
Binnie,Lucchi,Compensation Analyst
Beauregard,McClure,Account Representative IV
Rance,Carnaman,Analog Circuit Design manager
Vanessa,Baillie,Nurse Practicioner
Gage,Jencey,Food Chemist
Kirbee,Insall,Web Designer IV
Janaya,Baress,Health Coach III
Ashia,Roddan,Senior Cost Accountant
Reed,Luckey,VP Accounting
Natal,O'Luby,Environmental Specialist
Tudor,Bromige,Recruiter
Lynette,McCarter,Biostatistician I
Murielle,Shorten,Sales Representative
Kerrin,Bolesworth,Marketing Assistant
Elbertina,Acreman,Food Chemist
Angelico,Ickovicz,VP Sales
Alonso,Albrighton,Nurse Practicioner
Phillipe,Freda,Librarian
Marianna,Goneau,Internal Auditor
Dominick,Moscrop,Actuary
Marsiella,Crady,Quality Engineer
Lanie,Prestwich,Food Chemist
Nathanial,O'Nions,Actuary
Patric,McGarvey,Associate Professor
Meggi,Matthews,Data Coordiator
Maurise,Dyers,Analog Circuit Design manager
Mona,Beldom,Administrative Officer
Isabeau,Heaford,Operator
Lars,Tomaszewicz,Editor
Lesley,Keson,Internal Auditor
Martin,Uzelli,Food Chemist
Karylin,Kernes,Administrative Officer
Paddie,Beentjes,Administrative Officer
Anestassia,Mauser,Software Consultant
Anabelle,Humphrys,Business Systems Development Analyst
Ardisj,Huggen,Senior Editor
Chico,Gandley,Biostatistician III
Tildie,Seelbach,Help Desk Technician
Florri,Densham,Executive Secretary
Weidar,Skippon,Civil Engineer
Calla,Redfield,Automation Specialist I
Carry,Vinker,Actuary
Ola,Brydson,Librarian
Sorcha,Rozea,Assistant Media Planner
Christan,Geering,Administrative Officer
Phyllys,Cusworth,Nuclear Power Engineer
Anissa,Maylam,VP Quality Control
Marjie,Shee,Editor
Carol-jean,Erasmus,Database Administrator I
Angela,Speedin,Clinical Specialist
Yard,Beirne,Marketing Manager
Arturo,Ffoulkes,VP Quality Control
Merry,Philippet,Executive Secretary
Madelene,Forestel,Pharmacist
Lesley,Gegay,Dental Hygienist
Stesha,Inch,Pharmacist
Amandy,Vedekhov,Payment Adjustment Coordinator
Dorian,Hemstead,Sales Associate
Garret,Figgs,Computer Systems Analyst I
Jyoti,Mantione,Help Desk Technician
Bell,Wallage,Geologist II
Marcie,Mellenby,Software Engineer IV
Genevra,McErlaine,Statistician IV
Trixi,Maior,Operator
Melvyn,Pickworth,Junior Executive
Gayelord,Czajkowski,Database Administrator II
Gare,McNeely,Executive Secretary
Fenelia,Cardoe,General Manager
Herman,Bovaird,Help Desk Technician
Rickie,Kunz,Programmer IV
Egan,Dunkinson,Human Resources Manager
Zorah,Woolf,Dental Hygienist
Jamil,Knock,General Manager
Davita,Tench,Database Administrator III
Deanna,Rainey,Account Executive
Marge,Gull,Paralegal
Mill,Iiannone,Statistician II
Sisely,St. Quentin,Graphic Designer
Sharona,Buret,Senior Quality Engineer
Garth,Tagg,Data Coordiator
Weston,Tyne,Tax Accountant
Sal,Brandenburg,Computer Systems Analyst I
Kalinda,Whitfield,Cost Accountant
Keenan,Yesichev,Analog Circuit Design manager
Isaak,Jerzak,Social Worker
Ruddie,Jobe,Nurse Practicioner
Shell,Dulwitch,VP Quality Control
Nikki,Brolechan,Sales Representative
Rosaline,Grassick,Database Administrator IV
Kris,Dance,VP Product Management
Pace,Hukins,Research Assistant II
Jillian,Haggish,Financial Analyst
Natty,Seivwright,Tax Accountant
Kerstin,Shickle,Executive Secretary
Dominica,Binks,Marketing Manager
Starlene,Lampbrecht,Nurse Practicioner
Reagen,Triplow,Account Representative IV
Mathew,Ciccone,Dental Hygienist
Starlin,Newtown,Programmer Analyst III
Melania,Whaymand,Legal Assistant
Killy,Faudrie,Media Manager II
Whittaker,Dearsley,Computer Systems Analyst IV
Hatty,Giacomo,Account Executive
Edithe,Impy,Programmer Analyst III
Tucky,Howson,Systems Administrator III
Merralee,Alyutin,Financial Analyst
Jacky,Geikie,Human Resources Assistant III
Dolf,Daymont,General Manager
Jarrad,Brookesbie,Registered Nurse
Clarabelle,Gouldthorpe,Analog Circuit Design manager
Vaclav,Torrecilla,Senior Editor
Renate,Curry,Human Resources Assistant III
Titus,Yepiskopov,Marketing Assistant
Danica,Palfreman,Sales Representative
Lionel,Pacher,Internal Auditor
Magda,Quincee,GIS Technical Architect
Joleen,Foker,Chemical Engineer
Brooks,Prescot,Safety Technician III
Donetta,Wegenen,Statistician II
Gladys,Thay,Environmental Specialist
Jaime,Rosendorf,Associate Professor
Easter,Davidsson,Recruiter
Caesar,Bremmer,Pharmacist
Karyn,McIlenna,Executive Secretary
Dannie,Hehir,Research Nurse
Ruttger,Bicksteth,Human Resources Manager
Kyle,Sabatini,Software Engineer IV
Gearalt,Scatchar,Product Engineer
Gregory,Lysaght,Administrative Assistant III
Davide,Exton,Programmer Analyst III
Alisha,Pyett,Social Worker
Elizabet,Falconer-Taylor,Programmer Analyst III
Gus,Baldini,Electrical Engineer
Pierrette,McNeish,Junior Executive
Sloane,Fenix,General Manager
Roosevelt,Beaumont,Physical Therapy Assistant
Allyson,Gaywood,Assistant Media Planner
Lovell,Coltherd,Recruiting Manager
Adina,Stansell,Budget/Accounting Analyst IV
Gaultiero,Limon,VP Product Management
Elfrieda,Jeram,Quality Engineer
Aimee,Baxill,Accounting Assistant II
Temple,Bendelow,Senior Cost Accountant
Wilie,Phettiplace,Accounting Assistant I
Ingrid,Catchpole,Programmer Analyst II
Evan,Westfalen,Social Worker
Chandler,Jendrach,Structural Analysis Engineer
Farlee,Clague,Food Chemist
Ivette,Ponder,Social Worker
Danit,Grishanin,General Manager
Britney,Lober,Software Test Engineer I
Benedetto,Durston,Analog Circuit Design manager
Robert,Kidston,Health Coach I
Paquito,Ashall,Software Engineer III
Delaney,Wooderson,Physical Therapy Assistant
Maryanna,Smeath,Safety Technician II
Tarrance,Gierth,Speech Pathologist
Kaleb,Pykett,Senior Financial Analyst
Nathalia,Beckinsale,Mechanical Systems Engineer
Harald,MacGarrity,Senior Editor
Dick,Lampen,Recruiter
Cary,Behagg,Accountant II
North,Murrill,Food Chemist
Cchaddie,Boothe,Marketing Assistant
Rina,le Keux,Human Resources Assistant III
Clareta,Vint,Analyst Programmer
Janeen,Heinritz,Analyst Programmer
Muhammad,Flaherty,Structural Engineer
Adelaida,Sinkings,Chief Design Engineer
Cecilla,Rowcliffe,Database Administrator I
Stanislaus,Mistry,Internal Auditor
Damon,Featherby,Teacher
Troy,Ahrendsen,Programmer III
Jewelle,Taye,Assistant Manager
Mic,Smallsman,Clinical Specialist
Edgard,Rodgier,Software Engineer II
Margarethe,Claiton,Paralegal
Constantine,Pentecost,Chemical Engineer
Janene,Duerden,Social Worker
Guglielmo,Dumbelton,Financial Advisor
Doy,Leith-Harvey,Health Coach IV
Willa,Benedick,Recruiting Manager
Bartholomew,Symonds,Statistician IV
Margy,Thieme,Accountant IV
Nerita,Sertin,Programmer II
Patin,Ahrend,Desktop Support Technician
Phyllis,Pistol,Research Nurse
Jobina,Wornum,Engineer II
Jemima,Ionn,Recruiter
Emmy,Danneil,Environmental Tech
Angelita,Tomasutti,Mechanical Systems Engineer
Verine,Leap,Geological Engineer
Giff,Woodruff,Financial Analyst
Chauncey,Attenbrow,Engineer II
Talbot,Benz,Research Associate
Tan,Bernardy,Administrative Assistant III
Sidnee,Muckley,Senior Quality Engineer
Fremont,Freer,Accountant II
Dania,Spearing,Administrative Assistant IV
Berkley,Baudry,GIS Technical Architect
Deny,Massow,Senior Cost Accountant
Chad,Charke,Financial Analyst
Kirsteni,Defries,Sales Representative
Amil,Dachey,Biostatistician I
Willi,Shefton,Legal Assistant
Deborah,Meggison,Tax Accountant
Gabie,Sleightholm,Quality Engineer
Alexandre,MacCaughan,Statistician II
Samaria,Elgey,Office Assistant III
Travers,Pigney,Graphic Designer
Ruthann,Spoure,VP Accounting
Nettie,Worrill,Structural Analysis Engineer
Marie-jeanne,Bugge,Account Executive
Demetre,Stuckey,Media Manager I
Gherardo,Rodie,Sales Associate
Sumner,Hammond,Senior Financial Analyst
Sharla,Fallowes,Help Desk Operator
Filmer,Loveman,Automation Specialist III
Odelinda,Shoutt,Registered Nurse
Clari,Whetnall,VP Marketing
Miquela,Critten,Research Associate
Gladys,Tosh,Programmer Analyst IV
Audrie,Kippen,VP Product Management
Nanice,Copnell,Assistant Professor
Agata,Hessay,Health Coach IV
Jannel,Whittleton,Budget/Accounting Analyst II
Tracey,Buick,Programmer Analyst IV
Lilia,Sterrie,Web Designer I
Sean,MacBrearty,Web Designer II
Rolf,Bein,Environmental Specialist
Lilia,Jahnig,Occupational Therapist
Lindi,Woodman,Senior Editor
Claiborne,Torvey,Internal Auditor
Aubrey,Morter,Research Assistant IV
Izabel,Delete,Electrical Engineer
Ula,Steely,Actuary
Felic,Percifer,VP Sales
Lucius,Fitzackerley,Desktop Support Technician
Vivyan,Muat,Nurse
Harley,Downing,Engineer I
Grady,Blinman,Tax Accountant
Josepha,Titta,Human Resources Assistant III
Irita,Garz,Quality Control Specialist
Ambrosi,Stainland,Junior Executive
Micheil,Lerwill,Financial Analyst
Brand,Buy,Help Desk Technician
Sibilla,Treat,Quality Engineer
Boonie,Setchfield,Mechanical Systems Engineer
Johnath,Lacheze,Registered Nurse
Eduardo,Hars,Assistant Professor
Tobiah,Jeffes,Graphic Designer
Linnell,Wigzell,Budget/Accounting Analyst III
Herschel,Donet,Database Administrator II
Peter,Blaszkiewicz,Environmental Tech
Conant,Buxsy,Senior Cost Accountant
Faythe,Philbin,Analog Circuit Design manager
Aldous,Nyssens,Account Coordinator
Veronike,Hazeup,Mechanical Systems Engineer
Mattie,Stonnell,Research Assistant III
Anatola,Stebbings,Paralegal
Petrina,Folkerd,VP Quality Control
Antoinette,Abdy,Speech Pathologist
Norbert,Kops,Junior Executive
Saunder,Spencers,Financial Analyst
Myrilla,Cohani,Junior Executive
Jolee,Matusovsky,Senior Editor
Evelin,Maundrell,Software Engineer III
Nichol,Swyer,Nuclear Power Engineer
Elyssa,Bacup,Junior Executive
Conny,Roblin,Nuclear Power Engineer
Constance,Lenney,Office Assistant I
Joane,Rouge,Systems Administrator III
Laurie,Loveredge,Chief Design Engineer
Dov,Keppie,Web Designer II
Sharlene,Stanlick,Marketing Manager
Helaina,Benedyktowicz,VP Sales
Cally,Wike,Software Test Engineer IV
Terrence,Wormstone,Internal Auditor
Hebert,Tart,VP Quality Control
Terry,Cokely,Budget/Accounting Analyst III
Miltie,Americi,General Manager
Caprice,Burchess,Tax Accountant
Mannie,Poate,Teacher
Diahann,Chanter,Analyst Programmer
Claudell,Dumbrill,Tax Accountant
Roseanna,Ondrus,Senior Developer
Sheree,Garth,Computer Systems Analyst III
Gordon,Neat,Operator
Nikolas,Gartell,Associate Professor
Ambrose,Bonin,Technical Writer
Raeann,Gazey,Human Resources Assistant III
Chelsy,Proger,Help Desk Technician
Devina,Cothey,Biostatistician II
Betteanne,Basnett,Help Desk Technician
Risa,Cinelli,Dental Hygienist
Jeddy,Scatcher,Director of Sales
Northrup,Ingolotti,Programmer Analyst II
Jeffrey,McGarva,Actuary
Roz,Gianolo,Occupational Therapist
Marin,McLean,Staff Scientist
Pinchas,Minnette,Statistician III
Freddy,Bohje,Media Manager I
Kippy,Casotti,Accounting Assistant III
Nichole,Sexon,Design Engineer
Jacklin,Wilderspoon,Quality Engineer
Gilburt,Pallister,Staff Scientist
Neila,MacAnellye,Safety Technician I
Luciana,Gruszka,VP Quality Control
Dunc,Conroy,Compensation Analyst
Normie,Maddock,Environmental Specialist
Karlis,Vaud,Analyst Programmer
John,Bradder,Software Engineer III
Rusty,Assard,Teacher
Cherie,Stoppe,Research Associate
Roi,Spikings,Quality Engineer
Skip,Jzak,VP Product Management
Adeline,Szymanzyk,Account Representative II
Cirillo,McLaverty,Chemical Engineer
Jourdan,Hudleston,Speech Pathologist
Yves,Walden,Project Manager
Krishna,Sheering,Account Coordinator
Marijn,Jaggard,Environmental Tech
Laurel,Shearston,Senior Financial Analyst
Sabina,Cokly,Safety Technician III
Joya,Ferenc,Internal Auditor
Jori,Swalteridge,Programmer I
Darlleen,Seary,Actuary
Arty,Issacof,Assistant Professor
Stacy,Bartolomeazzi,Recruiter
Ossie,Moyser,Marketing Manager
Emanuele,Ardley,Web Designer IV
Susanne,Heggman,Computer Systems Analyst II
Mata,Laybourne,Web Developer II
Aleksandr,Berrecloth,Office Assistant I
Katharine,Dunsford,Clinical Specialist
Jorey,Fereday,Programmer I
Allyce,Sollon,Sales Associate
Culver,Sobieski,Financial Advisor
Sibel,Wisden,Chemical Engineer
Aluin,Bergstram,Chief Design Engineer
Jerrine,Solland,Systems Administrator II
Dorise,Kharchinski,VP Quality Control
Britte,Traves,Systems Administrator IV
Lola,Moen,Pharmacist
Fulvia,Strettell,Recruiting Manager
Jakie,Yves,Assistant Manager
Ellsworth,Kelley,Editor
Raffaello,Adderley,Geologist IV
Harriett,Kinvig,Electrical Engineer
Gabriel,Skokoe,Structural Engineer
Ilaire,Cisson,Clinical Specialist
Tessie,Tommasetti,Software Engineer I
Chicky,Ochterlony,Chemical Engineer
Nickie,Bouzan,Software Test Engineer II
Onofredo,Fiddler,Pharmacist
Arv,Skerm,Community Outreach Specialist
Andros,Tomaselli,Environmental Specialist
Seumas,Tchaikovsky,Speech Pathologist
Sullivan,Bakhrushkin,Assistant Media Planner
Maxine,Wenderoth,Senior Sales Associate
Alleen,Wison,Developer I
Aura,Fordham,Senior Developer
Rockwell,Naisey,VP Sales
Juliane,covino,Health Coach I
Stephanie,Malinowski,Clinical Specialist
Giana,Knowling,Librarian
Job,Mc Caughan,Payment Adjustment Coordinator
Reggi,Dreier,Physical Therapy Assistant
Alexine,Terzza,Assistant Manager
Mose,Goodfellowe,Research Associate
Nobe,Pelcheur,Web Developer III
Sacha,MacGraith,Editor
Aindrea,Blanchflower,Safety Technician IV
Lexy,Dysart,Account Executive
Verge,Batchelour,Structural Analysis Engineer
Conway,Northrop,Librarian
Godfree,Vaissiere,Food Chemist
Jessamine,Miskimmon,Business Systems Development Analyst
Carolin,Gerry,Automation Specialist III
Alyss,Sandcroft,Computer Systems Analyst IV
Sonja,Easterfield,Physical Therapy Assistant
Kerianne,Eliez,Programmer Analyst II
Seka,Beyn,Pharmacist
Ellary,Macenzy,Developer III
Alaric,Tuddenham,Compensation Analyst
Perrine,Waterstone,Engineer III
Livy,Ionnisian,Data Coordiator
Brittney,Smyley,Account Executive
Troy,Gerald,Software Engineer I
Quintana,Maric,Chief Design Engineer
Earl,Tackley,Accounting Assistant IV
Elenore,Murrell,VP Product Management
Almeda,Yansons,Research Assistant III
Demetria,Harrington,Environmental Tech
Wendi,O'Luby,Civil Engineer
Ericha,Clemes,Budget/Accounting Analyst III
Salvador,Davidovici,Information Systems Manager
Standford,Meader,Account Executive
Urbano,Wohler,Sales Associate
Papagena,Arr,VP Quality Control
Perrine,Kayne,Food Chemist
Benedicta,Ornelas,Registered Nurse
Durante,Thorold,Research Associate
Bobby,Fellos,Geologist III
Hercule,Santino,Software Engineer I
Constantina,Allsup,Staff Scientist
Eamon,Simka,Health Coach I
Arron,Fisher,Safety Technician IV
Mureil,Brammer,Product Engineer
Dominik,Delacroix,Programmer I
Elyse,Vevers,Analyst Programmer
Ailbert,Parlet,Social Worker
Caspar,Antecki,Account Representative I
Fernando,Eivers,Senior Editor
Barnard,Radborne,Sales Associate
Katee,Keasy,Food Chemist
Karolina,Varren,Executive Secretary
Deeanne,Bollum,Accountant I
Nerte,Punt,Accounting Assistant III
Norrie,Atwater,Pharmacist
Jacinta,Bertson,Teacher
Teodorico,Andrusov,Software Test Engineer I
Kennie,Aikenhead,Programmer III
Benedict,Hardington,Quality Engineer
Shina,Kettlestringe,Help Desk Operator
Mercie,Donohoe,Senior Developer
Honey,Whitsey,General Manager
Cello,Antonat,Research Assistant II
Dominica,Dunderdale,Recruiter
Nathan,Brayley,Accounting Assistant II
Aeriell,Presnail,Structural Analysis Engineer
Davey,Capner,Chemical Engineer
Davidson,Mullaney,Nurse Practicioner
Sunny,Gommowe,Structural Engineer
Sherwood,Levesque,Registered Nurse
Torin,Conlaund,Data Coordiator
Viviana,Gettens,Business Systems Development Analyst
Constancia,McGann,Professor
Veronika,Caldero,Dental Hygienist
Shawna,Adey,Nurse Practicioner
Aleece,Sonnenschein,Web Designer III
Norine,O'Hartnedy,Assistant Professor
Dianemarie,Pettus,Help Desk Operator
Germaine,Vink,Analog Circuit Design manager
Fina,Grange,Quality Engineer
Brendin,Pearle,Statistician II
Broderick,Yurchishin,Product Engineer
Dasie,Tertre,Technical Writer
Daron,Bestar,Assistant Professor
Amelita,Dutteridge,Physical Therapy Assistant
Theodor,Helsdon,Payment Adjustment Coordinator
Delaney,Cornewell,Cost Accountant
Natty,Olivelli,Administrative Assistant III
Elle,Tesdale,Nurse Practicioner
Raff,M'Barron,Financial Analyst
Ediva,Matuszyk,Account Representative III
Eugenio,Faichnie,VP Sales
Richmound,Solan,Tax Accountant
Rolf,Raper,VP Sales
Ninette,Jakeway,Account Representative I
Mame,Redsull,Software Consultant
Hyacintha,Luttgert,VP Accounting
Der,Wharram,VP Accounting
Hersch,Rawsthorne,Assistant Professor
Edin,McCathay,Project Manager
Scot,Daughtry,Legal Assistant
Hildagarde,Haley,Software Engineer II
Caresa,McAllister,Business Systems Development Analyst
Harv,Capener,Financial Analyst
Buddie,Ferras,Safety Technician IV
Jaime,Farfolomeev,Human Resources Manager
Luke,Wike,Human Resources Manager
Tiffy,Upton,Database Administrator II
Melba,Petrosian,Software Engineer III
Darelle,Claque,Geologist III
Gerald,Frary,VP Accounting
Rhody,Coundley,Paralegal
Bernadene,Blampy,Systems Administrator IV
Tove,Bernakiewicz,Desktop Support Technician
Chet,McKenna,Paralegal
Billy,Tavner,Accounting Assistant IV
Nadia,Dowyer,Information Systems Manager
Pris,Nisco,Developer III
Lorine,Snufflebottom,Human Resources Assistant III
Inglebert,Amy,Director of Sales
Tucker,Wingham,Senior Developer
Lonnard,Burgise,Internal Auditor
Elva,Khan,VP Accounting
Lee,Cappel,VP Marketing
Inness,Lenahan,Chemical Engineer
Arel,de Marco,Senior Cost Accountant
Hedvig,Gout,Financial Advisor
Lorita,Valeri,Technical Writer
Sutton,Burgin,Developer IV
Tammi,Tinsey,Teacher
Jeromy,O'Cannovane,Accounting Assistant I
Jessalyn,Gammel,Programmer Analyst III
Kata,Jarrold,Sales Representative
Rivalee,Enric,Help Desk Operator
Delores,O'Rourke,Office Assistant II
Joshia,Derham,Internal Auditor
Kerr,Deverille,Geologist II
Alisander,Dillaway,Software Engineer I
Solomon,Stoak,Help Desk Technician
Thane,Madgewick,Software Test Engineer II
Anneliese,Domerque,Account Representative III
Chevalier,Greatbanks,Data Coordiator
Bank,Comelini,Geological Engineer
Madelina,Ives,Structural Analysis Engineer
Alida,Skivington,Environmental Tech
Evey,Kelling,Technical Writer
Suzette,Giddy,Product Engineer
Phaidra,Mayberry,Senior Financial Analyst
Vail,Spurier,VP Product Management
Noell,Moretto,Account Coordinator
Janifer,Clery,Analyst Programmer
Jami,Morot,Chemical Engineer
Marybeth,Gobolos,Registered Nurse
Uriah,Stroulger,Engineer III
Deeanne,Agneau,Programmer I
Culley,Cestard,Legal Assistant
Meriel,Mourant,Desktop Support Technician
Sutherland,Persent,VP Sales
Brod,Knivett,Environmental Tech
Brent,Maffey,Quality Control Specialist
Terencio,Jarnell,Chief Design Engineer
Constanta,Langworthy,Administrative Officer
Darline,Lartice,Web Developer II
Jarrod,Delue,Data Coordiator
Allison,Comben,Dental Hygienist
Silvan,Geffcock,Occupational Therapist
Shurlock,Caruth,Speech Pathologist
Latia,Kubat,Senior Cost Accountant
Maggi,Peerless,Community Outreach Specialist
Arlinda,Adnams,Automation Specialist I
Gae,Mathevet,Senior Sales Associate
Aldon,Bolam,Help Desk Technician
Beatriz,Daunay,Structural Analysis Engineer
Keary,McKune,VP Sales
Bennie,Hindrich,Financial Analyst
Julian,Renbold,Legal Assistant
Matthias,McDiarmid,Developer IV
Robin,Maunsell,Food Chemist
Maison,Divisek,Geologist III
Chantal,Garnsey,Software Engineer III
Florida,Tabb,Biostatistician I
Romain,Davis,Food Chemist
Kendrick,Kyte,Information Systems Manager
Zondra,Nipper,Mechanical Systems Engineer
Hedda,Weald,Electrical Engineer
Witty,Cawthorne,Teacher
Alix,Knowlys,Web Designer III
Torie,Barney,Office Assistant II
Marc,Lewsley,Safety Technician IV
Ilyssa,Cumberlidge,Help Desk Technician
Allene,Antyshev,Biostatistician II
Muire,Castard,Recruiter
Pavlov,Hurkett,VP Product Management
Drud,Gergolet,Pharmacist
Fleming,Streets,Administrative Officer
Allyn,Benoey,Editor
Cari,Sooper,Occupational Therapist
Callean,Rivlin,Staff Scientist
Man,Butt Gow,Social Worker
Stanfield,Napolitano,Senior Financial Analyst
Derwin,Schooley,Director of Sales
Markus,Edleston,Database Administrator IV
Terrence,Bifield,Quality Control Specialist
Dru,Salmons,Help Desk Operator
Aloysius,Coyte,Sales Associate
Dunc,Vickars,Engineer IV
Issi,Maffei,Registered Nurse
Ad,Feldberger,Electrical Engineer
Nye,Padfield,Technical Writer
Dannie,Ellen,Senior Cost Accountant
Marielle,Bourget,General Manager
Merlina,McFarland,Design Engineer
Peter,Suggey,Help Desk Technician
Matteo,Garrity,Geologist I
Conn,Kapelhoff,Physical Therapy Assistant
Guthrey,Margrie,Financial Analyst
Carroll,Aucutt,Internal Auditor
Karina,Steaning,VP Marketing
Jeannie,Firth,Web Developer I
Patricio,Danick,Programmer Analyst II
Orland,D'Hooge,Software Test Engineer III
Bibbye,Jansky,Nuclear Power Engineer
Rikki,Naul,Payment Adjustment Coordinator
Kaycee,Rizzillo,Desktop Support Technician
Kareem,Kadar,Nurse Practicioner
Darla,Veryard,Geological Engineer
Pennie,Kinsley,Electrical Engineer
Letti,Dudson,Software Engineer I
Thatch,de Copeman,Help Desk Technician
Anselm,Trewin,Sales Representative
Terrie,Swindles,Structural Engineer
Tiphanie,Hickford,Payment Adjustment Coordinator
Raul,Chandlar,Information Systems Manager
Maye,Hadye,Associate Professor
Robers,Gemelli,Editor
Teriann,Pimbley,Compensation Analyst
Angele,Rolfo,Senior Sales Associate
Seth,Masurel,Actuary
Vicki,Tabart,Accountant IV
Merrili,Growden,Editor
Yuri,Deal,Analyst Programmer
Nick,Gymblett,Social Worker
Ros,Stuffins,GIS Technical Architect
Sileas,Southgate,Account Coordinator
Husain,Clotworthy,Safety Technician III
Florrie,Seaborne,Recruiter
Sharron,Abdee,Social Worker
Noah,Housego,VP Marketing
Rosemaria,Ruzicka,Operator
Valina,Oldrey,VP Quality Control
Augy,Blackhall,Librarian
Salvidor,Relf,Office Assistant II
Aldus,Gniewosz,Chemical Engineer
Abbe,Scorey,Sales Representative
Gerda,Haldin,Recruiting Manager
Rosalia,Chomicki,Occupational Therapist
Eba,Farbrace,Account Executive
Miof mela,O'Deegan,Office Assistant II
Gasper,Heggadon,Associate Professor
Ethe,Dumberrill,Automation Specialist IV
Creighton,Doers,Statistician IV
Ardith,Carnock,VP Quality Control
Price,Bahlmann,Chief Design Engineer
Bradford,Bonnet,Human Resources Manager
Nettie,Killigrew,VP Marketing
Danya,Dack,Civil Engineer
Ransom,Sinnie,Administrative Assistant I
Allyson,Danit,VP Sales
Anders,Andreini,Web Designer II
Evie,Noblett,Chemical Engineer
Dolf,Blodgetts,GIS Technical Architect
Garrik,Talby,Staff Accountant I
Cristie,Rebanks,Software Test Engineer II
Iorgo,Blaske,Operator
Ariel,Bulford,Staff Scientist
Ali,Breinl,Financial Analyst
Mahmoud,Sellman,Tax Accountant
Datha,Radsdale,Financial Advisor
Esra,Ezzell,Accountant III
Glennie,Ansteys,Software Consultant
Shell,Dibling,Assistant Professor
Marcello,Grishmanov,Project Manager
Tore,Slott,Account Coordinator
Mortie,Krahl,Pharmacist
Nalani,Reggio,Senior Sales Associate
Catherina,Szabo,Senior Sales Associate
Reuven,Vanlint,Help Desk Technician
Ivan,Greasley,Systems Administrator III
Winn,Goodrick,Graphic Designer
Cassondra,Chaudret,Health Coach I
Genovera,Grund,Design Engineer
Jillian,Agge,Associate Professor
Cassey,Hallows,Chief Design Engineer
Yasmin,Rowet,Programmer Analyst III
Stanwood,Rowswell,Cost Accountant
Erhard,Lovegrove,Cost Accountant
Milly,Sazio,Occupational Therapist
Salomone,Newcome,Information Systems Manager
Jessie,Trood,Programmer Analyst I
Lem,Labbez,Research Nurse
Tami,Sneesbie,Chemical Engineer
Nevile,Matelyunas,Analyst Programmer
Eirena,Jewett,Civil Engineer
Yorgos,Albury,Research Assistant III
Braden,Dimberline,Senior Cost Accountant
Catarina,Pietranek,Graphic Designer
Kare,Lettice,Environmental Tech
Matias,Bourdon,Software Test Engineer III
